{
	"Latitude": 13.1126568,
	"Longitude": 77.5775489,
	"timestamp": "2019-09-25 19:40:31"
}
